src,emoji,path
http://mail.google.com/mail/e/softbank_ne_jp/000,☀,dl_out/000
http://mail.google.com/mail/e/softbank_ne_jp/001,☁,dl_out/001
http://mail.google.com/mail/e/softbank_ne_jp/002,☔,dl_out/002
http://mail.google.com/mail/e/softbank_ne_jp/003,⛄,dl_out/003
http://mail.google.com/mail/e/softbank_ne_jp/004,⚡,dl_out/004
http://mail.google.com/mail/e/softbank_ne_jp/005,🌀,dl_out/005
http://mail.google.com/mail/e/softbank_ne_jp/006,🌁,dl_out/006
http://mail.google.com/mail/e/softbank_ne_jp/007,🌂,dl_out/007
http://mail.google.com/mail/e/softbank_ne_jp/008,🌃,dl_out/008
http://mail.google.com/mail/e/softbank_ne_jp/009,🌄,dl_out/009
http://mail.google.com/mail/e/softbank_ne_jp/00A,🌅,dl_out/00A
http://mail.google.com/mail/e/softbank_ne_jp/00B,🌆,dl_out/00B
http://mail.google.com/mail/e/softbank_ne_jp/00C,🌇,dl_out/00C
http://mail.google.com/mail/e/softbank_ne_jp/00D,🌈,dl_out/00D
http://mail.google.com/mail/e/softbank_ne_jp/00E,❄,dl_out/00E
http://mail.google.com/mail/e/softbank_ne_jp/00F,⛅,dl_out/00F
http://mail.google.com/mail/e/softbank_ne_jp/010,🌉,dl_out/010
http://mail.google.com/mail/e/softbank_ne_jp/011,🌑,dl_out/011
http://mail.google.com/mail/e/softbank_ne_jp/012,🌔,dl_out/012
http://mail.google.com/mail/e/softbank_ne_jp/013,🌓,dl_out/013
http://mail.google.com/mail/e/softbank_ne_jp/014,🌙,dl_out/014
http://mail.google.com/mail/e/softbank_ne_jp/015,🌕,dl_out/015
http://mail.google.com/mail/e/softbank_ne_jp/016,🌛,dl_out/016
http://mail.google.com/mail/e/softbank_ne_jp/017,🎑,dl_out/017
http://mail.google.com/mail/e/softbank_ne_jp/018,🔜,dl_out/018
http://mail.google.com/mail/e/softbank_ne_jp/019,🔛,dl_out/019
http://mail.google.com/mail/e/softbank_ne_jp/01A,🔚,dl_out/01A
http://mail.google.com/mail/e/softbank_ne_jp/01B,⏳,dl_out/01B
http://mail.google.com/mail/e/softbank_ne_jp/01C,⌛,dl_out/01C
http://mail.google.com/mail/e/softbank_ne_jp/01D,⌚,dl_out/01D
http://mail.google.com/mail/e/softbank_ne_jp/01E,🕐,dl_out/01E
http://mail.google.com/mail/e/softbank_ne_jp/01F,🕑,dl_out/01F
http://mail.google.com/mail/e/softbank_ne_jp/020,🕒,dl_out/020
http://mail.google.com/mail/e/softbank_ne_jp/021,🕓,dl_out/021
http://mail.google.com/mail/e/softbank_ne_jp/022,🕔,dl_out/022
http://mail.google.com/mail/e/softbank_ne_jp/023,🕕,dl_out/023
http://mail.google.com/mail/e/softbank_ne_jp/024,🕖,dl_out/024
http://mail.google.com/mail/e/softbank_ne_jp/025,🕗,dl_out/025
http://mail.google.com/mail/e/softbank_ne_jp/026,🕘,dl_out/026
http://mail.google.com/mail/e/softbank_ne_jp/027,🕙,dl_out/027
http://mail.google.com/mail/e/softbank_ne_jp/028,🕚,dl_out/028
http://mail.google.com/mail/e/softbank_ne_jp/029,🕛,dl_out/029
http://mail.google.com/mail/e/softbank_ne_jp/02A,⏰,dl_out/02A
http://mail.google.com/mail/e/softbank_ne_jp/02B,♈,dl_out/02B
http://mail.google.com/mail/e/softbank_ne_jp/02C,♉,dl_out/02C
http://mail.google.com/mail/e/softbank_ne_jp/02D,♊,dl_out/02D
http://mail.google.com/mail/e/softbank_ne_jp/02E,♋,dl_out/02E
http://mail.google.com/mail/e/softbank_ne_jp/02F,♌,dl_out/02F
http://mail.google.com/mail/e/softbank_ne_jp/030,♍,dl_out/030
http://mail.google.com/mail/e/softbank_ne_jp/031,♎,dl_out/031
http://mail.google.com/mail/e/softbank_ne_jp/032,♏,dl_out/032
http://mail.google.com/mail/e/softbank_ne_jp/033,♐,dl_out/033
http://mail.google.com/mail/e/softbank_ne_jp/034,♑,dl_out/034
http://mail.google.com/mail/e/softbank_ne_jp/035,♒,dl_out/035
http://mail.google.com/mail/e/softbank_ne_jp/036,♓,dl_out/036
http://mail.google.com/mail/e/softbank_ne_jp/037,⛎,dl_out/037
http://mail.google.com/mail/e/softbank_ne_jp/038,🌊,dl_out/038
http://mail.google.com/mail/e/softbank_ne_jp/039,🌏,dl_out/039
http://mail.google.com/mail/e/softbank_ne_jp/03A,🌋,dl_out/03A
http://mail.google.com/mail/e/softbank_ne_jp/03B,🌌,dl_out/03B
http://mail.google.com/mail/e/softbank_ne_jp/03C,🍀,dl_out/03C
http://mail.google.com/mail/e/softbank_ne_jp/03D,🌷,dl_out/03D
http://mail.google.com/mail/e/softbank_ne_jp/03E,🌱,dl_out/03E
http://mail.google.com/mail/e/softbank_ne_jp/03F,🍁,dl_out/03F
http://mail.google.com/mail/e/softbank_ne_jp/040,🌸,dl_out/040
http://mail.google.com/mail/e/softbank_ne_jp/041,🌹,dl_out/041
http://mail.google.com/mail/e/softbank_ne_jp/042,🍂,dl_out/042
http://mail.google.com/mail/e/softbank_ne_jp/043,🍃,dl_out/043
http://mail.google.com/mail/e/softbank_ne_jp/044,🔰,dl_out/044
http://mail.google.com/mail/e/softbank_ne_jp/045,🌺,dl_out/045
http://mail.google.com/mail/e/softbank_ne_jp/046,🌻,dl_out/046
http://mail.google.com/mail/e/softbank_ne_jp/047,🌴,dl_out/047
http://mail.google.com/mail/e/softbank_ne_jp/048,🌵,dl_out/048
http://mail.google.com/mail/e/softbank_ne_jp/049,🌾,dl_out/049
http://mail.google.com/mail/e/softbank_ne_jp/04A,🌽,dl_out/04A
http://mail.google.com/mail/e/softbank_ne_jp/04B,🍄,dl_out/04B
http://mail.google.com/mail/e/softbank_ne_jp/04C,🌰,dl_out/04C
http://mail.google.com/mail/e/softbank_ne_jp/04D,🌼,dl_out/04D
http://mail.google.com/mail/e/softbank_ne_jp/04E,🌿,dl_out/04E
http://mail.google.com/mail/e/softbank_ne_jp/04F,🍒,dl_out/04F
http://mail.google.com/mail/e/softbank_ne_jp/050,🍌,dl_out/050
http://mail.google.com/mail/e/softbank_ne_jp/051,🍎,dl_out/051
http://mail.google.com/mail/e/softbank_ne_jp/052,🍊,dl_out/052
http://mail.google.com/mail/e/softbank_ne_jp/053,🍓,dl_out/053
http://mail.google.com/mail/e/softbank_ne_jp/054,🍉,dl_out/054
http://mail.google.com/mail/e/softbank_ne_jp/055,🍅,dl_out/055
http://mail.google.com/mail/e/softbank_ne_jp/056,🍆,dl_out/056
http://mail.google.com/mail/e/softbank_ne_jp/057,🍈,dl_out/057
http://mail.google.com/mail/e/softbank_ne_jp/058,🍍,dl_out/058
http://mail.google.com/mail/e/softbank_ne_jp/059,🍇,dl_out/059
http://mail.google.com/mail/e/softbank_ne_jp/05A,🍑,dl_out/05A
http://mail.google.com/mail/e/softbank_ne_jp/05B,🍏,dl_out/05B
http://mail.google.com/mail/e/softbank_ne_jp/190,👀,dl_out/190
http://mail.google.com/mail/e/softbank_ne_jp/191,👂,dl_out/191
http://mail.google.com/mail/e/softbank_ne_jp/192,👃,dl_out/192
http://mail.google.com/mail/e/softbank_ne_jp/193,👄,dl_out/193
http://mail.google.com/mail/e/softbank_ne_jp/194,👅,dl_out/194
http://mail.google.com/mail/e/softbank_ne_jp/195,💄,dl_out/195
http://mail.google.com/mail/e/softbank_ne_jp/196,💅,dl_out/196
http://mail.google.com/mail/e/softbank_ne_jp/197,💆,dl_out/197
http://mail.google.com/mail/e/softbank_ne_jp/198,💇,dl_out/198
http://mail.google.com/mail/e/softbank_ne_jp/199,💈,dl_out/199
http://mail.google.com/mail/e/softbank_ne_jp/19A,👤,dl_out/19A
http://mail.google.com/mail/e/softbank_ne_jp/19B,👦,dl_out/19B
http://mail.google.com/mail/e/softbank_ne_jp/19C,👧,dl_out/19C
http://mail.google.com/mail/e/softbank_ne_jp/19D,👨,dl_out/19D
http://mail.google.com/mail/e/softbank_ne_jp/19E,👩,dl_out/19E
http://mail.google.com/mail/e/softbank_ne_jp/19F,👪,dl_out/19F
http://mail.google.com/mail/e/softbank_ne_jp/1A0,👫,dl_out/1A0
http://mail.google.com/mail/e/softbank_ne_jp/1A1,👮,dl_out/1A1
http://mail.google.com/mail/e/softbank_ne_jp/1A2,👯,dl_out/1A2
http://mail.google.com/mail/e/softbank_ne_jp/1A3,👰,dl_out/1A3
http://mail.google.com/mail/e/softbank_ne_jp/1A4,👱,dl_out/1A4
http://mail.google.com/mail/e/softbank_ne_jp/1A5,👲,dl_out/1A5
http://mail.google.com/mail/e/softbank_ne_jp/1A6,👳,dl_out/1A6
http://mail.google.com/mail/e/softbank_ne_jp/1A7,👴,dl_out/1A7
http://mail.google.com/mail/e/softbank_ne_jp/1A8,👵,dl_out/1A8
http://mail.google.com/mail/e/softbank_ne_jp/1A9,👶,dl_out/1A9
http://mail.google.com/mail/e/softbank_ne_jp/1AA,👷,dl_out/1AA
http://mail.google.com/mail/e/softbank_ne_jp/1AB,👸,dl_out/1AB
http://mail.google.com/mail/e/softbank_ne_jp/1AC,👹,dl_out/1AC
http://mail.google.com/mail/e/softbank_ne_jp/1AD,👺,dl_out/1AD
http://mail.google.com/mail/e/softbank_ne_jp/1AE,👻,dl_out/1AE
http://mail.google.com/mail/e/softbank_ne_jp/1AF,👼,dl_out/1AF
http://mail.google.com/mail/e/softbank_ne_jp/1B0,👽,dl_out/1B0
http://mail.google.com/mail/e/softbank_ne_jp/1B1,👾,dl_out/1B1
http://mail.google.com/mail/e/softbank_ne_jp/1B2,👿,dl_out/1B2
http://mail.google.com/mail/e/softbank_ne_jp/1B3,💀,dl_out/1B3
http://mail.google.com/mail/e/softbank_ne_jp/1B4,💁,dl_out/1B4
http://mail.google.com/mail/e/softbank_ne_jp/1B5,💂,dl_out/1B5
http://mail.google.com/mail/e/softbank_ne_jp/1B6,💃,dl_out/1B6
http://mail.google.com/mail/e/softbank_ne_jp/1B7,🐶,dl_out/1B7
http://mail.google.com/mail/e/softbank_ne_jp/1B8,🐱,dl_out/1B8
http://mail.google.com/mail/e/softbank_ne_jp/1B9,🐌,dl_out/1B9
http://mail.google.com/mail/e/softbank_ne_jp/1BA,🐤,dl_out/1BA
http://mail.google.com/mail/e/softbank_ne_jp/1BB,🐥,dl_out/1BB
http://mail.google.com/mail/e/softbank_ne_jp/1BC,🐧,dl_out/1BC
http://mail.google.com/mail/e/softbank_ne_jp/1BD,🐟,dl_out/1BD
http://mail.google.com/mail/e/softbank_ne_jp/1BE,🐴,dl_out/1BE
http://mail.google.com/mail/e/softbank_ne_jp/1BF,🐷,dl_out/1BF
http://mail.google.com/mail/e/softbank_ne_jp/1C0,🐯,dl_out/1C0
http://mail.google.com/mail/e/softbank_ne_jp/1C1,🐻,dl_out/1C1
http://mail.google.com/mail/e/softbank_ne_jp/1C2,🐭,dl_out/1C2
http://mail.google.com/mail/e/softbank_ne_jp/1C3,🐳,dl_out/1C3
http://mail.google.com/mail/e/softbank_ne_jp/1C4,🐵,dl_out/1C4
http://mail.google.com/mail/e/softbank_ne_jp/1C5,🐙,dl_out/1C5
http://mail.google.com/mail/e/softbank_ne_jp/1C6,🐚,dl_out/1C6
http://mail.google.com/mail/e/softbank_ne_jp/1C7,🐬,dl_out/1C7
http://mail.google.com/mail/e/softbank_ne_jp/1C8,🐦,dl_out/1C8
http://mail.google.com/mail/e/softbank_ne_jp/1C9,🐠,dl_out/1C9
http://mail.google.com/mail/e/softbank_ne_jp/1CA,🐹,dl_out/1CA
http://mail.google.com/mail/e/softbank_ne_jp/1CB,🐛,dl_out/1CB
http://mail.google.com/mail/e/softbank_ne_jp/1CC,🐘,dl_out/1CC
http://mail.google.com/mail/e/softbank_ne_jp/1CD,🐨,dl_out/1CD
http://mail.google.com/mail/e/softbank_ne_jp/1CE,🐒,dl_out/1CE
http://mail.google.com/mail/e/softbank_ne_jp/1CF,🐑,dl_out/1CF
http://mail.google.com/mail/e/softbank_ne_jp/1D0,🐺,dl_out/1D0
http://mail.google.com/mail/e/softbank_ne_jp/1D1,🐮,dl_out/1D1
http://mail.google.com/mail/e/softbank_ne_jp/1D2,🐰,dl_out/1D2
http://mail.google.com/mail/e/softbank_ne_jp/1D3,🐍,dl_out/1D3
http://mail.google.com/mail/e/softbank_ne_jp/1D4,🐔,dl_out/1D4
http://mail.google.com/mail/e/softbank_ne_jp/1D5,🐗,dl_out/1D5
http://mail.google.com/mail/e/softbank_ne_jp/1D6,🐫,dl_out/1D6
http://mail.google.com/mail/e/softbank_ne_jp/1D7,🐸,dl_out/1D7
http://mail.google.com/mail/e/softbank_ne_jp/1D8,🐩,dl_out/1D8
http://mail.google.com/mail/e/softbank_ne_jp/1D9,🐡,dl_out/1D9
http://mail.google.com/mail/e/softbank_ne_jp/1DA,🐜,dl_out/1DA
http://mail.google.com/mail/e/softbank_ne_jp/1DB,🐾,dl_out/1DB
http://mail.google.com/mail/e/softbank_ne_jp/1DC,🐢,dl_out/1DC
http://mail.google.com/mail/e/softbank_ne_jp/1DD,🐣,dl_out/1DD
http://mail.google.com/mail/e/softbank_ne_jp/1DE,🐲,dl_out/1DE
http://mail.google.com/mail/e/softbank_ne_jp/1DF,🐼,dl_out/1DF
http://mail.google.com/mail/e/softbank_ne_jp/1E0,🐽,dl_out/1E0
http://mail.google.com/mail/e/softbank_ne_jp/320,😠,dl_out/320
http://mail.google.com/mail/e/softbank_ne_jp/321,😩,dl_out/321
http://mail.google.com/mail/e/softbank_ne_jp/322,😲,dl_out/322
http://mail.google.com/mail/e/softbank_ne_jp/323,😞,dl_out/323
http://mail.google.com/mail/e/softbank_ne_jp/324,😵,dl_out/324
http://mail.google.com/mail/e/softbank_ne_jp/325,😰,dl_out/325
http://mail.google.com/mail/e/softbank_ne_jp/326,😒,dl_out/326
http://mail.google.com/mail/e/softbank_ne_jp/327,😍,dl_out/327
http://mail.google.com/mail/e/softbank_ne_jp/328,😤,dl_out/328
http://mail.google.com/mail/e/softbank_ne_jp/329,😜,dl_out/329
http://mail.google.com/mail/e/softbank_ne_jp/32A,😝,dl_out/32A
http://mail.google.com/mail/e/softbank_ne_jp/32B,😋,dl_out/32B
http://mail.google.com/mail/e/softbank_ne_jp/32C,😘,dl_out/32C
http://mail.google.com/mail/e/softbank_ne_jp/32D,😚,dl_out/32D
http://mail.google.com/mail/e/softbank_ne_jp/32E,😷,dl_out/32E
http://mail.google.com/mail/e/softbank_ne_jp/32F,😳,dl_out/32F
http://mail.google.com/mail/e/softbank_ne_jp/330,😃,dl_out/330
http://mail.google.com/mail/e/softbank_ne_jp/331,😅,dl_out/331
http://mail.google.com/mail/e/softbank_ne_jp/332,😆,dl_out/332
http://mail.google.com/mail/e/softbank_ne_jp/333,😁,dl_out/333
http://mail.google.com/mail/e/softbank_ne_jp/334,😂,dl_out/334
http://mail.google.com/mail/e/softbank_ne_jp/335,😊,dl_out/335
http://mail.google.com/mail/e/softbank_ne_jp/336,☺,dl_out/336
http://mail.google.com/mail/e/softbank_ne_jp/338,😄,dl_out/338
http://mail.google.com/mail/e/softbank_ne_jp/339,😢,dl_out/339
http://mail.google.com/mail/e/softbank_ne_jp/33A,😭,dl_out/33A
http://mail.google.com/mail/e/softbank_ne_jp/33B,😨,dl_out/33B
http://mail.google.com/mail/e/softbank_ne_jp/33C,😣,dl_out/33C
http://mail.google.com/mail/e/softbank_ne_jp/33D,😡,dl_out/33D
http://mail.google.com/mail/e/softbank_ne_jp/33E,😌,dl_out/33E
http://mail.google.com/mail/e/softbank_ne_jp/33F,😖,dl_out/33F
http://mail.google.com/mail/e/softbank_ne_jp/340,😔,dl_out/340
http://mail.google.com/mail/e/softbank_ne_jp/341,😱,dl_out/341
http://mail.google.com/mail/e/softbank_ne_jp/342,😪,dl_out/342
http://mail.google.com/mail/e/softbank_ne_jp/343,😏,dl_out/343
http://mail.google.com/mail/e/softbank_ne_jp/344,😓,dl_out/344
http://mail.google.com/mail/e/softbank_ne_jp/345,😥,dl_out/345
http://mail.google.com/mail/e/softbank_ne_jp/346,😫,dl_out/346
http://mail.google.com/mail/e/softbank_ne_jp/347,😉,dl_out/347
http://mail.google.com/mail/e/softbank_ne_jp/348,😺,dl_out/348
http://mail.google.com/mail/e/softbank_ne_jp/349,😸,dl_out/349
http://mail.google.com/mail/e/softbank_ne_jp/34A,😹,dl_out/34A
http://mail.google.com/mail/e/softbank_ne_jp/34B,😽,dl_out/34B
http://mail.google.com/mail/e/softbank_ne_jp/34C,😻,dl_out/34C
http://mail.google.com/mail/e/softbank_ne_jp/34D,😿,dl_out/34D
http://mail.google.com/mail/e/softbank_ne_jp/34E,😾,dl_out/34E
http://mail.google.com/mail/e/softbank_ne_jp/34F,😼,dl_out/34F
http://mail.google.com/mail/e/softbank_ne_jp/350,🙀,dl_out/350
http://mail.google.com/mail/e/softbank_ne_jp/351,🙅,dl_out/351
http://mail.google.com/mail/e/softbank_ne_jp/352,🙆,dl_out/352
http://mail.google.com/mail/e/softbank_ne_jp/353,🙇,dl_out/353
http://mail.google.com/mail/e/softbank_ne_jp/354,🙈,dl_out/354
http://mail.google.com/mail/e/softbank_ne_jp/355,🙊,dl_out/355
http://mail.google.com/mail/e/softbank_ne_jp/356,🙉,dl_out/356
http://mail.google.com/mail/e/softbank_ne_jp/357,🙋,dl_out/357
http://mail.google.com/mail/e/softbank_ne_jp/358,🙌,dl_out/358
http://mail.google.com/mail/e/softbank_ne_jp/359,🙍,dl_out/359
http://mail.google.com/mail/e/softbank_ne_jp/35A,🙎,dl_out/35A
http://mail.google.com/mail/e/softbank_ne_jp/35B,🙏,dl_out/35B
http://mail.google.com/mail/e/softbank_ne_jp/4B0,🏠,dl_out/4B0
http://mail.google.com/mail/e/softbank_ne_jp/4B1,🏡,dl_out/4B1
http://mail.google.com/mail/e/softbank_ne_jp/4B2,🏢,dl_out/4B2
http://mail.google.com/mail/e/softbank_ne_jp/4B3,🏣,dl_out/4B3
http://mail.google.com/mail/e/softbank_ne_jp/4B4,🏥,dl_out/4B4
http://mail.google.com/mail/e/softbank_ne_jp/4B5,🏦,dl_out/4B5
http://mail.google.com/mail/e/softbank_ne_jp/4B6,🏧,dl_out/4B6
http://mail.google.com/mail/e/softbank_ne_jp/4B7,🏨,dl_out/4B7
http://mail.google.com/mail/e/softbank_ne_jp/4B8,🏩,dl_out/4B8
http://mail.google.com/mail/e/softbank_ne_jp/4B9,🏪,dl_out/4B9
http://mail.google.com/mail/e/softbank_ne_jp/4BA,🏫,dl_out/4BA
http://mail.google.com/mail/e/softbank_ne_jp/4BB,⛪,dl_out/4BB
http://mail.google.com/mail/e/softbank_ne_jp/4BC,⛲,dl_out/4BC
http://mail.google.com/mail/e/softbank_ne_jp/4BD,🏬,dl_out/4BD
http://mail.google.com/mail/e/softbank_ne_jp/4BE,🏯,dl_out/4BE
http://mail.google.com/mail/e/softbank_ne_jp/4BF,🏰,dl_out/4BF
http://mail.google.com/mail/e/softbank_ne_jp/4C0,🏭,dl_out/4C0
http://mail.google.com/mail/e/softbank_ne_jp/4C1,⚓,dl_out/4C1
http://mail.google.com/mail/e/softbank_ne_jp/4C2,🏮,dl_out/4C2
http://mail.google.com/mail/e/softbank_ne_jp/4C3,🗻,dl_out/4C3
http://mail.google.com/mail/e/softbank_ne_jp/4C4,🗼,dl_out/4C4
http://mail.google.com/mail/e/softbank_ne_jp/4C6,🗽,dl_out/4C6
http://mail.google.com/mail/e/softbank_ne_jp/4C7,🗾,dl_out/4C7
http://mail.google.com/mail/e/softbank_ne_jp/4C8,🗿,dl_out/4C8
http://mail.google.com/mail/e/softbank_ne_jp/4C9,🔧,dl_out/4C9
http://mail.google.com/mail/e/softbank_ne_jp/4CA,🔨,dl_out/4CA
http://mail.google.com/mail/e/softbank_ne_jp/4CB,🔩,dl_out/4CB
http://mail.google.com/mail/e/softbank_ne_jp/4CC,👞,dl_out/4CC
http://mail.google.com/mail/e/softbank_ne_jp/4CD,👟,dl_out/4CD
http://mail.google.com/mail/e/softbank_ne_jp/4CE,👓,dl_out/4CE
http://mail.google.com/mail/e/softbank_ne_jp/4CF,👕,dl_out/4CF
http://mail.google.com/mail/e/softbank_ne_jp/4D0,👖,dl_out/4D0
http://mail.google.com/mail/e/softbank_ne_jp/4D1,👑,dl_out/4D1
http://mail.google.com/mail/e/softbank_ne_jp/4D2,🔱,dl_out/4D2
http://mail.google.com/mail/e/softbank_ne_jp/4D3,👔,dl_out/4D3
http://mail.google.com/mail/e/softbank_ne_jp/4D4,👒,dl_out/4D4
http://mail.google.com/mail/e/softbank_ne_jp/4D5,👗,dl_out/4D5
http://mail.google.com/mail/e/softbank_ne_jp/4D6,👠,dl_out/4D6
http://mail.google.com/mail/e/softbank_ne_jp/4D7,👡,dl_out/4D7
http://mail.google.com/mail/e/softbank_ne_jp/4D8,👢,dl_out/4D8
http://mail.google.com/mail/e/softbank_ne_jp/4D9,👘,dl_out/4D9
http://mail.google.com/mail/e/softbank_ne_jp/4DA,👙,dl_out/4DA
http://mail.google.com/mail/e/softbank_ne_jp/4DB,👚,dl_out/4DB
http://mail.google.com/mail/e/softbank_ne_jp/4DC,👛,dl_out/4DC
http://mail.google.com/mail/e/softbank_ne_jp/4DD,💰,dl_out/4DD
http://mail.google.com/mail/e/softbank_ne_jp/4DE,💱,dl_out/4DE
http://mail.google.com/mail/e/softbank_ne_jp/4DF,💹,dl_out/4DF
http://mail.google.com/mail/e/softbank_ne_jp/4E0,💲,dl_out/4E0
http://mail.google.com/mail/e/softbank_ne_jp/4E1,💳,dl_out/4E1
http://mail.google.com/mail/e/softbank_ne_jp/4E2,💴,dl_out/4E2
http://mail.google.com/mail/e/softbank_ne_jp/4E3,💵,dl_out/4E3
http://mail.google.com/mail/e/softbank_ne_jp/4E4,💸,dl_out/4E4
http://mail.google.com/mail/e/softbank_ne_jp/4E5,🇯🇵,dl_out/4E5
http://mail.google.com/mail/e/softbank_ne_jp/4E6,🇺🇸,dl_out/4E6
http://mail.google.com/mail/e/softbank_ne_jp/4E7,🇫🇷,dl_out/4E7
http://mail.google.com/mail/e/softbank_ne_jp/4E8,🇩🇪,dl_out/4E8
http://mail.google.com/mail/e/softbank_ne_jp/4E9,🇮🇹,dl_out/4E9
http://mail.google.com/mail/e/softbank_ne_jp/4EA,🇬🇧,dl_out/4EA
http://mail.google.com/mail/e/softbank_ne_jp/4EB,🇪🇸,dl_out/4EB
http://mail.google.com/mail/e/softbank_ne_jp/4EC,🇷🇺,dl_out/4EC
http://mail.google.com/mail/e/softbank_ne_jp/4ED,🇨🇳,dl_out/4ED
http://mail.google.com/mail/e/softbank_ne_jp/4EE,🇰🇷,dl_out/4EE
http://mail.google.com/mail/e/softbank_ne_jp/4EF,📷,dl_out/4EF
http://mail.google.com/mail/e/softbank_ne_jp/4F0,👜,dl_out/4F0
http://mail.google.com/mail/e/softbank_ne_jp/4F1,👝,dl_out/4F1
http://mail.google.com/mail/e/softbank_ne_jp/4F2,🔔,dl_out/4F2
http://mail.google.com/mail/e/softbank_ne_jp/4F3,🚪,dl_out/4F3
http://mail.google.com/mail/e/softbank_ne_jp/4F4,💩,dl_out/4F4
http://mail.google.com/mail/e/softbank_ne_jp/4F5,🔫,dl_out/4F5
http://mail.google.com/mail/e/softbank_ne_jp/4F6,🔥,dl_out/4F6
http://mail.google.com/mail/e/softbank_ne_jp/4F7,🔮,dl_out/4F7
http://mail.google.com/mail/e/softbank_ne_jp/4F8,🔯,dl_out/4F8
http://mail.google.com/mail/e/softbank_ne_jp/4F9,📹,dl_out/4F9
http://mail.google.com/mail/e/softbank_ne_jp/4FA,🔪,dl_out/4FA
http://mail.google.com/mail/e/softbank_ne_jp/4FB,🔦,dl_out/4FB
http://mail.google.com/mail/e/softbank_ne_jp/4FC,🔋,dl_out/4FC
http://mail.google.com/mail/e/softbank_ne_jp/4FD,📜,dl_out/4FD
http://mail.google.com/mail/e/softbank_ne_jp/4FE,🔌,dl_out/4FE
http://mail.google.com/mail/e/softbank_ne_jp/4FF,📗,dl_out/4FF
http://mail.google.com/mail/e/softbank_ne_jp/500,📘,dl_out/500
http://mail.google.com/mail/e/softbank_ne_jp/501,📙,dl_out/501
http://mail.google.com/mail/e/softbank_ne_jp/502,📕,dl_out/502
http://mail.google.com/mail/e/softbank_ne_jp/503,📚,dl_out/503
http://mail.google.com/mail/e/softbank_ne_jp/504,📛,dl_out/504
http://mail.google.com/mail/e/softbank_ne_jp/505,🛀,dl_out/505
http://mail.google.com/mail/e/softbank_ne_jp/506,🚻,dl_out/506
http://mail.google.com/mail/e/softbank_ne_jp/507,🚽,dl_out/507
http://mail.google.com/mail/e/softbank_ne_jp/508,🚾,dl_out/508
http://mail.google.com/mail/e/softbank_ne_jp/509,💉,dl_out/509
http://mail.google.com/mail/e/softbank_ne_jp/50A,💊,dl_out/50A
http://mail.google.com/mail/e/softbank_ne_jp/50B,🅰,dl_out/50B
http://mail.google.com/mail/e/softbank_ne_jp/50C,🅱,dl_out/50C
http://mail.google.com/mail/e/softbank_ne_jp/50D,🆎,dl_out/50D
http://mail.google.com/mail/e/softbank_ne_jp/50E,🅾,dl_out/50E
http://mail.google.com/mail/e/softbank_ne_jp/50F,🎀,dl_out/50F
http://mail.google.com/mail/e/softbank_ne_jp/510,🎁,dl_out/510
http://mail.google.com/mail/e/softbank_ne_jp/511,🎂,dl_out/511
http://mail.google.com/mail/e/softbank_ne_jp/512,🎄,dl_out/512
http://mail.google.com/mail/e/softbank_ne_jp/513,🎅,dl_out/513
http://mail.google.com/mail/e/softbank_ne_jp/514,🎌,dl_out/514
http://mail.google.com/mail/e/softbank_ne_jp/515,🎆,dl_out/515
http://mail.google.com/mail/e/softbank_ne_jp/516,🎈,dl_out/516
http://mail.google.com/mail/e/softbank_ne_jp/517,🎉,dl_out/517
http://mail.google.com/mail/e/softbank_ne_jp/518,🎍,dl_out/518
http://mail.google.com/mail/e/softbank_ne_jp/519,🎎,dl_out/519
http://mail.google.com/mail/e/softbank_ne_jp/51A,🎓,dl_out/51A
http://mail.google.com/mail/e/softbank_ne_jp/51B,🎒,dl_out/51B
http://mail.google.com/mail/e/softbank_ne_jp/51C,🎏,dl_out/51C
http://mail.google.com/mail/e/softbank_ne_jp/51D,🎇,dl_out/51D
http://mail.google.com/mail/e/softbank_ne_jp/51E,🎐,dl_out/51E
http://mail.google.com/mail/e/softbank_ne_jp/51F,🎃,dl_out/51F
http://mail.google.com/mail/e/softbank_ne_jp/520,🎊,dl_out/520
http://mail.google.com/mail/e/softbank_ne_jp/521,🎋,dl_out/521
http://mail.google.com/mail/e/softbank_ne_jp/522,📟,dl_out/522
http://mail.google.com/mail/e/softbank_ne_jp/523,☎,dl_out/523
http://mail.google.com/mail/e/softbank_ne_jp/524,📞,dl_out/524
http://mail.google.com/mail/e/softbank_ne_jp/525,📱,dl_out/525
http://mail.google.com/mail/e/softbank_ne_jp/526,📲,dl_out/526
http://mail.google.com/mail/e/softbank_ne_jp/527,📝,dl_out/527
http://mail.google.com/mail/e/softbank_ne_jp/528,📠,dl_out/528
http://mail.google.com/mail/e/softbank_ne_jp/529,✉,dl_out/529
http://mail.google.com/mail/e/softbank_ne_jp/52A,📨,dl_out/52A
http://mail.google.com/mail/e/softbank_ne_jp/52B,📩,dl_out/52B
http://mail.google.com/mail/e/softbank_ne_jp/52C,📪,dl_out/52C
http://mail.google.com/mail/e/softbank_ne_jp/52D,📫,dl_out/52D
http://mail.google.com/mail/e/softbank_ne_jp/52E,📮,dl_out/52E
http://mail.google.com/mail/e/softbank_ne_jp/52F,📢,dl_out/52F
http://mail.google.com/mail/e/softbank_ne_jp/530,📣,dl_out/530
http://mail.google.com/mail/e/softbank_ne_jp/531,📡,dl_out/531
http://mail.google.com/mail/e/softbank_ne_jp/532,💬,dl_out/532
http://mail.google.com/mail/e/softbank_ne_jp/533,📤,dl_out/533
http://mail.google.com/mail/e/softbank_ne_jp/534,📥,dl_out/534
http://mail.google.com/mail/e/softbank_ne_jp/535,📦,dl_out/535
http://mail.google.com/mail/e/softbank_ne_jp/536,✒,dl_out/536
http://mail.google.com/mail/e/softbank_ne_jp/537,💺,dl_out/537
http://mail.google.com/mail/e/softbank_ne_jp/538,💻,dl_out/538
http://mail.google.com/mail/e/softbank_ne_jp/539,✏,dl_out/539
http://mail.google.com/mail/e/softbank_ne_jp/53A,📎,dl_out/53A
http://mail.google.com/mail/e/softbank_ne_jp/53B,💼,dl_out/53B
http://mail.google.com/mail/e/softbank_ne_jp/53C,💽,dl_out/53C
http://mail.google.com/mail/e/softbank_ne_jp/53D,💾,dl_out/53D
http://mail.google.com/mail/e/softbank_ne_jp/53E,✂,dl_out/53E
http://mail.google.com/mail/e/softbank_ne_jp/53F,📍,dl_out/53F
http://mail.google.com/mail/e/softbank_ne_jp/540,📃,dl_out/540
http://mail.google.com/mail/e/softbank_ne_jp/541,📄,dl_out/541
http://mail.google.com/mail/e/softbank_ne_jp/542,📅,dl_out/542
http://mail.google.com/mail/e/softbank_ne_jp/543,📁,dl_out/543
http://mail.google.com/mail/e/softbank_ne_jp/544,📂,dl_out/544
http://mail.google.com/mail/e/softbank_ne_jp/545,📓,dl_out/545
http://mail.google.com/mail/e/softbank_ne_jp/546,📖,dl_out/546
http://mail.google.com/mail/e/softbank_ne_jp/547,📔,dl_out/547
http://mail.google.com/mail/e/softbank_ne_jp/548,📋,dl_out/548
http://mail.google.com/mail/e/softbank_ne_jp/549,📆,dl_out/549
http://mail.google.com/mail/e/softbank_ne_jp/54A,📊,dl_out/54A
http://mail.google.com/mail/e/softbank_ne_jp/54B,📈,dl_out/54B
http://mail.google.com/mail/e/softbank_ne_jp/54C,📉,dl_out/54C
http://mail.google.com/mail/e/softbank_ne_jp/54D,📇,dl_out/54D
http://mail.google.com/mail/e/softbank_ne_jp/54E,📌,dl_out/54E
http://mail.google.com/mail/e/softbank_ne_jp/54F,📒,dl_out/54F
http://mail.google.com/mail/e/softbank_ne_jp/550,📏,dl_out/550
http://mail.google.com/mail/e/softbank_ne_jp/551,📐,dl_out/551
http://mail.google.com/mail/e/softbank_ne_jp/552,📑,dl_out/552
http://mail.google.com/mail/e/softbank_ne_jp/553,👣,dl_out/553
http://mail.google.com/mail/e/softbank_ne_jp/7D0,🎽,dl_out/7D0
http://mail.google.com/mail/e/softbank_ne_jp/7D1,⚾,dl_out/7D1
http://mail.google.com/mail/e/softbank_ne_jp/7D2,⛳,dl_out/7D2
http://mail.google.com/mail/e/softbank_ne_jp/7D3,🎾,dl_out/7D3
http://mail.google.com/mail/e/softbank_ne_jp/7D4,⚽,dl_out/7D4
http://mail.google.com/mail/e/softbank_ne_jp/7D5,🎿,dl_out/7D5
http://mail.google.com/mail/e/softbank_ne_jp/7D6,🏀,dl_out/7D6
http://mail.google.com/mail/e/softbank_ne_jp/7D7,🏁,dl_out/7D7
http://mail.google.com/mail/e/softbank_ne_jp/7D8,🏂,dl_out/7D8
http://mail.google.com/mail/e/softbank_ne_jp/7D9,🏃,dl_out/7D9
http://mail.google.com/mail/e/softbank_ne_jp/7DA,🏄,dl_out/7DA
http://mail.google.com/mail/e/softbank_ne_jp/7DB,🏆,dl_out/7DB
http://mail.google.com/mail/e/softbank_ne_jp/7DC,🐎,dl_out/7DC
http://mail.google.com/mail/e/softbank_ne_jp/7DD,🏈,dl_out/7DD
http://mail.google.com/mail/e/softbank_ne_jp/7DE,🏊,dl_out/7DE
http://mail.google.com/mail/e/softbank_ne_jp/7DF,🚃,dl_out/7DF
http://mail.google.com/mail/e/softbank_ne_jp/7E0,🚇,dl_out/7E0
http://mail.google.com/mail/e/softbank_ne_jp/7E1,Ⓜ,dl_out/7E1
http://mail.google.com/mail/e/softbank_ne_jp/7E2,🚄,dl_out/7E2
http://mail.google.com/mail/e/softbank_ne_jp/7E3,🚅,dl_out/7E3
http://mail.google.com/mail/e/softbank_ne_jp/7E4,🚗,dl_out/7E4
http://mail.google.com/mail/e/softbank_ne_jp/7E5,🚙,dl_out/7E5
http://mail.google.com/mail/e/softbank_ne_jp/7E6,🚌,dl_out/7E6
http://mail.google.com/mail/e/softbank_ne_jp/7E7,🚏,dl_out/7E7
http://mail.google.com/mail/e/softbank_ne_jp/7E8,🚢,dl_out/7E8
http://mail.google.com/mail/e/softbank_ne_jp/7E9,✈,dl_out/7E9
http://mail.google.com/mail/e/softbank_ne_jp/7EA,⛵,dl_out/7EA
http://mail.google.com/mail/e/softbank_ne_jp/7EB,🚲,dl_out/7EB
http://mail.google.com/mail/e/softbank_ne_jp/7EC,🚉,dl_out/7EC
http://mail.google.com/mail/e/softbank_ne_jp/7ED,🚀,dl_out/7ED
http://mail.google.com/mail/e/softbank_ne_jp/7EE,🚤,dl_out/7EE
http://mail.google.com/mail/e/softbank_ne_jp/7EF,🚕,dl_out/7EF
http://mail.google.com/mail/e/softbank_ne_jp/7F0,🚶,dl_out/7F0
http://mail.google.com/mail/e/softbank_ne_jp/7F1,🚚,dl_out/7F1
http://mail.google.com/mail/e/softbank_ne_jp/7F2,🚒,dl_out/7F2
http://mail.google.com/mail/e/softbank_ne_jp/7F3,🚑,dl_out/7F3
http://mail.google.com/mail/e/softbank_ne_jp/7F4,🚓,dl_out/7F4
http://mail.google.com/mail/e/softbank_ne_jp/7F5,⛽,dl_out/7F5
http://mail.google.com/mail/e/softbank_ne_jp/7F6,🅿,dl_out/7F6
http://mail.google.com/mail/e/softbank_ne_jp/7F7,🚥,dl_out/7F7
http://mail.google.com/mail/e/softbank_ne_jp/7F8,🚧,dl_out/7F8
http://mail.google.com/mail/e/softbank_ne_jp/7F9,🚨,dl_out/7F9
http://mail.google.com/mail/e/softbank_ne_jp/7FA,♨,dl_out/7FA
http://mail.google.com/mail/e/softbank_ne_jp/7FB,⛺,dl_out/7FB
http://mail.google.com/mail/e/softbank_ne_jp/7FC,🎠,dl_out/7FC
http://mail.google.com/mail/e/softbank_ne_jp/7FD,🎡,dl_out/7FD
http://mail.google.com/mail/e/softbank_ne_jp/7FE,🎢,dl_out/7FE
http://mail.google.com/mail/e/softbank_ne_jp/7FF,🎣,dl_out/7FF
http://mail.google.com/mail/e/softbank_ne_jp/800,🎤,dl_out/800
http://mail.google.com/mail/e/softbank_ne_jp/801,🎥,dl_out/801
http://mail.google.com/mail/e/softbank_ne_jp/802,🎦,dl_out/802
http://mail.google.com/mail/e/softbank_ne_jp/803,🎧,dl_out/803
http://mail.google.com/mail/e/softbank_ne_jp/804,🎨,dl_out/804
http://mail.google.com/mail/e/softbank_ne_jp/805,🎩,dl_out/805
http://mail.google.com/mail/e/softbank_ne_jp/806,🎪,dl_out/806
http://mail.google.com/mail/e/softbank_ne_jp/807,🎫,dl_out/807
http://mail.google.com/mail/e/softbank_ne_jp/808,🎬,dl_out/808
http://mail.google.com/mail/e/softbank_ne_jp/809,🎭,dl_out/809
http://mail.google.com/mail/e/softbank_ne_jp/80A,🎮,dl_out/80A
http://mail.google.com/mail/e/softbank_ne_jp/80B,🀄,dl_out/80B
http://mail.google.com/mail/e/softbank_ne_jp/80C,🎯,dl_out/80C
http://mail.google.com/mail/e/softbank_ne_jp/80D,🎰,dl_out/80D
http://mail.google.com/mail/e/softbank_ne_jp/80E,🎱,dl_out/80E
http://mail.google.com/mail/e/softbank_ne_jp/80F,🎲,dl_out/80F
http://mail.google.com/mail/e/softbank_ne_jp/810,🎳,dl_out/810
http://mail.google.com/mail/e/softbank_ne_jp/811,🎴,dl_out/811
http://mail.google.com/mail/e/softbank_ne_jp/812,🃏,dl_out/812
http://mail.google.com/mail/e/softbank_ne_jp/813,🎵,dl_out/813
http://mail.google.com/mail/e/softbank_ne_jp/814,🎶,dl_out/814
http://mail.google.com/mail/e/softbank_ne_jp/815,🎷,dl_out/815
http://mail.google.com/mail/e/softbank_ne_jp/816,🎸,dl_out/816
http://mail.google.com/mail/e/softbank_ne_jp/817,🎹,dl_out/817
http://mail.google.com/mail/e/softbank_ne_jp/818,🎺,dl_out/818
http://mail.google.com/mail/e/softbank_ne_jp/819,🎻,dl_out/819
http://mail.google.com/mail/e/softbank_ne_jp/81A,🎼,dl_out/81A
http://mail.google.com/mail/e/softbank_ne_jp/81B,〽,dl_out/81B
http://mail.google.com/mail/e/softbank_ne_jp/81C,📺,dl_out/81C
http://mail.google.com/mail/e/softbank_ne_jp/81D,💿,dl_out/81D
http://mail.google.com/mail/e/softbank_ne_jp/81E,📀,dl_out/81E
http://mail.google.com/mail/e/softbank_ne_jp/81F,📻,dl_out/81F
http://mail.google.com/mail/e/softbank_ne_jp/820,📼,dl_out/820
http://mail.google.com/mail/e/softbank_ne_jp/821,🔊,dl_out/821
http://mail.google.com/mail/e/softbank_ne_jp/822,📰,dl_out/822
http://mail.google.com/mail/e/softbank_ne_jp/823,💋,dl_out/823
http://mail.google.com/mail/e/softbank_ne_jp/824,💌,dl_out/824
http://mail.google.com/mail/e/softbank_ne_jp/825,💍,dl_out/825
http://mail.google.com/mail/e/softbank_ne_jp/826,💎,dl_out/826
http://mail.google.com/mail/e/softbank_ne_jp/827,💏,dl_out/827
http://mail.google.com/mail/e/softbank_ne_jp/828,💐,dl_out/828
http://mail.google.com/mail/e/softbank_ne_jp/829,💑,dl_out/829
http://mail.google.com/mail/e/softbank_ne_jp/82A,💒,dl_out/82A
http://mail.google.com/mail/e/softbank_ne_jp/82B,➰,dl_out/82B
http://mail.google.com/mail/e/softbank_ne_jp/82C,#⃣,dl_out/82C
http://mail.google.com/mail/e/softbank_ne_jp/82D,*⃣,dl_out/82D
http://mail.google.com/mail/e/softbank_ne_jp/82E,1⃣,dl_out/82E
http://mail.google.com/mail/e/softbank_ne_jp/82F,2⃣,dl_out/82F
http://mail.google.com/mail/e/softbank_ne_jp/830,3⃣,dl_out/830
http://mail.google.com/mail/e/softbank_ne_jp/831,4⃣,dl_out/831
http://mail.google.com/mail/e/softbank_ne_jp/832,5⃣,dl_out/832
http://mail.google.com/mail/e/softbank_ne_jp/833,6⃣,dl_out/833
http://mail.google.com/mail/e/softbank_ne_jp/834,7⃣,dl_out/834
http://mail.google.com/mail/e/softbank_ne_jp/835,8⃣,dl_out/835
http://mail.google.com/mail/e/softbank_ne_jp/836,9⃣,dl_out/836
http://mail.google.com/mail/e/softbank_ne_jp/837,0⃣,dl_out/837
http://mail.google.com/mail/e/softbank_ne_jp/838,📶,dl_out/838
http://mail.google.com/mail/e/softbank_ne_jp/839,📳,dl_out/839
http://mail.google.com/mail/e/softbank_ne_jp/83A,📴,dl_out/83A
http://mail.google.com/mail/e/softbank_ne_jp/83B,🔟,dl_out/83B
http://mail.google.com/mail/e/softbank_ne_jp/960,🍔,dl_out/960
http://mail.google.com/mail/e/softbank_ne_jp/961,🍙,dl_out/961
http://mail.google.com/mail/e/softbank_ne_jp/962,🍰,dl_out/962
http://mail.google.com/mail/e/softbank_ne_jp/963,🍜,dl_out/963
http://mail.google.com/mail/e/softbank_ne_jp/964,🍞,dl_out/964
http://mail.google.com/mail/e/softbank_ne_jp/965,🍳,dl_out/965
http://mail.google.com/mail/e/softbank_ne_jp/966,🍦,dl_out/966
http://mail.google.com/mail/e/softbank_ne_jp/967,🍟,dl_out/967
http://mail.google.com/mail/e/softbank_ne_jp/968,🍡,dl_out/968
http://mail.google.com/mail/e/softbank_ne_jp/969,🍘,dl_out/969
http://mail.google.com/mail/e/softbank_ne_jp/96A,🍚,dl_out/96A
http://mail.google.com/mail/e/softbank_ne_jp/96B,🍝,dl_out/96B
http://mail.google.com/mail/e/softbank_ne_jp/96C,🍛,dl_out/96C
http://mail.google.com/mail/e/softbank_ne_jp/96D,🍢,dl_out/96D
http://mail.google.com/mail/e/softbank_ne_jp/96E,🍣,dl_out/96E
http://mail.google.com/mail/e/softbank_ne_jp/96F,🍱,dl_out/96F
http://mail.google.com/mail/e/softbank_ne_jp/970,🍲,dl_out/970
http://mail.google.com/mail/e/softbank_ne_jp/971,🍧,dl_out/971
http://mail.google.com/mail/e/softbank_ne_jp/972,🍖,dl_out/972
http://mail.google.com/mail/e/softbank_ne_jp/973,🍥,dl_out/973
http://mail.google.com/mail/e/softbank_ne_jp/974,🍠,dl_out/974
http://mail.google.com/mail/e/softbank_ne_jp/975,🍕,dl_out/975
http://mail.google.com/mail/e/softbank_ne_jp/976,🍗,dl_out/976
http://mail.google.com/mail/e/softbank_ne_jp/977,🍨,dl_out/977
http://mail.google.com/mail/e/softbank_ne_jp/978,🍩,dl_out/978
http://mail.google.com/mail/e/softbank_ne_jp/979,🍪,dl_out/979
http://mail.google.com/mail/e/softbank_ne_jp/97A,🍫,dl_out/97A
http://mail.google.com/mail/e/softbank_ne_jp/97B,🍬,dl_out/97B
http://mail.google.com/mail/e/softbank_ne_jp/97C,🍭,dl_out/97C
http://mail.google.com/mail/e/softbank_ne_jp/97D,🍮,dl_out/97D
http://mail.google.com/mail/e/softbank_ne_jp/97E,🍯,dl_out/97E
http://mail.google.com/mail/e/softbank_ne_jp/97F,🍤,dl_out/97F
http://mail.google.com/mail/e/softbank_ne_jp/980,🍴,dl_out/980
http://mail.google.com/mail/e/softbank_ne_jp/981,☕,dl_out/981
http://mail.google.com/mail/e/softbank_ne_jp/982,🍸,dl_out/982
http://mail.google.com/mail/e/softbank_ne_jp/983,🍺,dl_out/983
http://mail.google.com/mail/e/softbank_ne_jp/984,🍵,dl_out/984
http://mail.google.com/mail/e/softbank_ne_jp/985,🍶,dl_out/985
http://mail.google.com/mail/e/softbank_ne_jp/986,🍷,dl_out/986
http://mail.google.com/mail/e/softbank_ne_jp/987,🍻,dl_out/987
http://mail.google.com/mail/e/softbank_ne_jp/988,🍹,dl_out/988
http://mail.google.com/mail/e/softbank_ne_jp/AF0,↗,dl_out/AF0
http://mail.google.com/mail/e/softbank_ne_jp/AF1,↘,dl_out/AF1
http://mail.google.com/mail/e/softbank_ne_jp/AF2,↖,dl_out/AF2
http://mail.google.com/mail/e/softbank_ne_jp/AF3,↙,dl_out/AF3
http://mail.google.com/mail/e/softbank_ne_jp/AF4,⤴,dl_out/AF4
http://mail.google.com/mail/e/softbank_ne_jp/AF5,⤵,dl_out/AF5
http://mail.google.com/mail/e/softbank_ne_jp/AF6,↔,dl_out/AF6
http://mail.google.com/mail/e/softbank_ne_jp/AF7,↕,dl_out/AF7
http://mail.google.com/mail/e/softbank_ne_jp/AF8,⬆,dl_out/AF8
http://mail.google.com/mail/e/softbank_ne_jp/AF9,⬇,dl_out/AF9
http://mail.google.com/mail/e/softbank_ne_jp/AFA,➡,dl_out/AFA
http://mail.google.com/mail/e/softbank_ne_jp/AFB,⬅,dl_out/AFB
http://mail.google.com/mail/e/softbank_ne_jp/AFC,▶,dl_out/AFC
http://mail.google.com/mail/e/softbank_ne_jp/AFD,◀,dl_out/AFD
http://mail.google.com/mail/e/softbank_ne_jp/AFE,⌛,dl_out/AFE
http://mail.google.com/mail/e/softbank_ne_jp/AFF,⏪,dl_out/AFF
http://mail.google.com/mail/e/softbank_ne_jp/B00,🔽,dl_out/B00
http://mail.google.com/mail/e/softbank_ne_jp/B01,🔼,dl_out/B01
http://mail.google.com/mail/e/softbank_ne_jp/B02,⏬,dl_out/B02
http://mail.google.com/mail/e/softbank_ne_jp/B03,⏫,dl_out/B03
http://mail.google.com/mail/e/softbank_ne_jp/B04,❗,dl_out/B04
http://mail.google.com/mail/e/softbank_ne_jp/B05,⁉,dl_out/B05
http://mail.google.com/mail/e/softbank_ne_jp/B06,‼,dl_out/B06
http://mail.google.com/mail/e/softbank_ne_jp/B07,〰,dl_out/B07
http://mail.google.com/mail/e/softbank_ne_jp/B08,➰,dl_out/B08
http://mail.google.com/mail/e/softbank_ne_jp/B09,❓,dl_out/B09
http://mail.google.com/mail/e/softbank_ne_jp/B0A,❔,dl_out/B0A
http://mail.google.com/mail/e/softbank_ne_jp/B0B,❕,dl_out/B0B
http://mail.google.com/mail/e/softbank_ne_jp/B0C,❤,dl_out/B0C
http://mail.google.com/mail/e/softbank_ne_jp/B0D,💓,dl_out/B0D
http://mail.google.com/mail/e/softbank_ne_jp/B0E,💔,dl_out/B0E
http://mail.google.com/mail/e/softbank_ne_jp/B0F,💕,dl_out/B0F
http://mail.google.com/mail/e/softbank_ne_jp/B10,💖,dl_out/B10
http://mail.google.com/mail/e/softbank_ne_jp/B11,💗,dl_out/B11
http://mail.google.com/mail/e/softbank_ne_jp/B12,💘,dl_out/B12
http://mail.google.com/mail/e/softbank_ne_jp/B13,💙,dl_out/B13
http://mail.google.com/mail/e/softbank_ne_jp/B14,💚,dl_out/B14
http://mail.google.com/mail/e/softbank_ne_jp/B15,💛,dl_out/B15
http://mail.google.com/mail/e/softbank_ne_jp/B16,💜,dl_out/B16
http://mail.google.com/mail/e/softbank_ne_jp/B17,💝,dl_out/B17
http://mail.google.com/mail/e/softbank_ne_jp/B18,💞,dl_out/B18
http://mail.google.com/mail/e/softbank_ne_jp/B19,💟,dl_out/B19
http://mail.google.com/mail/e/softbank_ne_jp/B1A,♥,dl_out/B1A
http://mail.google.com/mail/e/softbank_ne_jp/B1B,♠,dl_out/B1B
http://mail.google.com/mail/e/softbank_ne_jp/B1C,♦,dl_out/B1C
http://mail.google.com/mail/e/softbank_ne_jp/B1D,♣,dl_out/B1D
http://mail.google.com/mail/e/softbank_ne_jp/B1E,🚬,dl_out/B1E
http://mail.google.com/mail/e/softbank_ne_jp/B1F,🚭,dl_out/B1F
http://mail.google.com/mail/e/softbank_ne_jp/B20,♿,dl_out/B20
http://mail.google.com/mail/e/softbank_ne_jp/B21,🆓,dl_out/B21
http://mail.google.com/mail/e/softbank_ne_jp/B22,🚩,dl_out/B22
http://mail.google.com/mail/e/softbank_ne_jp/B23,⚠,dl_out/B23
http://mail.google.com/mail/e/softbank_ne_jp/B24,🈁,dl_out/B24
http://mail.google.com/mail/e/softbank_ne_jp/B25,🔞,dl_out/B25
http://mail.google.com/mail/e/softbank_ne_jp/B26,⛔,dl_out/B26
http://mail.google.com/mail/e/softbank_ne_jp/B27,🆗,dl_out/B27
http://mail.google.com/mail/e/softbank_ne_jp/B28,🆖,dl_out/B28
http://mail.google.com/mail/e/softbank_ne_jp/B29,©,dl_out/B29
http://mail.google.com/mail/e/softbank_ne_jp/B2A,™,dl_out/B2A
http://mail.google.com/mail/e/softbank_ne_jp/B2B,㊙,dl_out/B2B
http://mail.google.com/mail/e/softbank_ne_jp/B2C,♻,dl_out/B2C
http://mail.google.com/mail/e/softbank_ne_jp/B2D,®,dl_out/B2D
http://mail.google.com/mail/e/softbank_ne_jp/B2E,🈲,dl_out/B2E
http://mail.google.com/mail/e/softbank_ne_jp/B2F,🈳,dl_out/B2F
http://mail.google.com/mail/e/softbank_ne_jp/B30,🈴,dl_out/B30
http://mail.google.com/mail/e/softbank_ne_jp/B31,🈵,dl_out/B31
http://mail.google.com/mail/e/softbank_ne_jp/B32,🆚,dl_out/B32
http://mail.google.com/mail/e/softbank_ne_jp/B33,🚹,dl_out/B33
http://mail.google.com/mail/e/softbank_ne_jp/B34,🚺,dl_out/B34
http://mail.google.com/mail/e/softbank_ne_jp/B35,🚼,dl_out/B35
http://mail.google.com/mail/e/softbank_ne_jp/B36,🆕,dl_out/B36
http://mail.google.com/mail/e/softbank_ne_jp/B37,🆙,dl_out/B37
http://mail.google.com/mail/e/softbank_ne_jp/B38,🆒,dl_out/B38
http://mail.google.com/mail/e/softbank_ne_jp/B39,🈶,dl_out/B39
http://mail.google.com/mail/e/softbank_ne_jp/B3A,🈚,dl_out/B3A
http://mail.google.com/mail/e/softbank_ne_jp/B3B,🈷,dl_out/B3B
http://mail.google.com/mail/e/softbank_ne_jp/B3C,🈸,dl_out/B3C
http://mail.google.com/mail/e/softbank_ne_jp/B3D,🉐,dl_out/B3D
http://mail.google.com/mail/e/softbank_ne_jp/B3E,🈹,dl_out/B3E
http://mail.google.com/mail/e/softbank_ne_jp/B3F,🈂,dl_out/B3F
http://mail.google.com/mail/e/softbank_ne_jp/B40,🈯,dl_out/B40
http://mail.google.com/mail/e/softbank_ne_jp/B41,🈺,dl_out/B41
http://mail.google.com/mail/e/softbank_ne_jp/B42,🔝,dl_out/B42
http://mail.google.com/mail/e/softbank_ne_jp/B43,㊗,dl_out/B43
http://mail.google.com/mail/e/softbank_ne_jp/B44,⭕,dl_out/B44
http://mail.google.com/mail/e/softbank_ne_jp/B45,❌,dl_out/B45
http://mail.google.com/mail/e/softbank_ne_jp/B46,❎,dl_out/B46
http://mail.google.com/mail/e/softbank_ne_jp/B47,ℹ,dl_out/B47
http://mail.google.com/mail/e/softbank_ne_jp/B48,🚫,dl_out/B48
http://mail.google.com/mail/e/softbank_ne_jp/B49,✔,dl_out/B49
http://mail.google.com/mail/e/softbank_ne_jp/B4A,✅,dl_out/B4A
http://mail.google.com/mail/e/softbank_ne_jp/B4B,🔗,dl_out/B4B
http://mail.google.com/mail/e/softbank_ne_jp/B4F,🆘,dl_out/B4F
http://mail.google.com/mail/e/softbank_ne_jp/B50,🉑,dl_out/B50
http://mail.google.com/mail/e/softbank_ne_jp/B51,➕,dl_out/B51
http://mail.google.com/mail/e/softbank_ne_jp/B52,➖,dl_out/B52
http://mail.google.com/mail/e/softbank_ne_jp/B53,✖,dl_out/B53
http://mail.google.com/mail/e/softbank_ne_jp/B54,➗,dl_out/B54
http://mail.google.com/mail/e/softbank_ne_jp/B55,💠,dl_out/B55
http://mail.google.com/mail/e/softbank_ne_jp/B56,💡,dl_out/B56
http://mail.google.com/mail/e/softbank_ne_jp/B57,💢,dl_out/B57
http://mail.google.com/mail/e/softbank_ne_jp/B58,💣,dl_out/B58
http://mail.google.com/mail/e/softbank_ne_jp/B59,💤,dl_out/B59
http://mail.google.com/mail/e/softbank_ne_jp/B5A,💥,dl_out/B5A
http://mail.google.com/mail/e/softbank_ne_jp/B5B,💦,dl_out/B5B
http://mail.google.com/mail/e/softbank_ne_jp/B5C,💧,dl_out/B5C
http://mail.google.com/mail/e/softbank_ne_jp/B5D,💨,dl_out/B5D
http://mail.google.com/mail/e/softbank_ne_jp/B5E,💪,dl_out/B5E
http://mail.google.com/mail/e/softbank_ne_jp/B5F,💫,dl_out/B5F
http://mail.google.com/mail/e/softbank_ne_jp/B60,✨,dl_out/B60
http://mail.google.com/mail/e/softbank_ne_jp/B61,✴,dl_out/B61
http://mail.google.com/mail/e/softbank_ne_jp/B62,✳,dl_out/B62
http://mail.google.com/mail/e/softbank_ne_jp/B63,🔴,dl_out/B63
http://mail.google.com/mail/e/softbank_ne_jp/B64,🔵,dl_out/B64
http://mail.google.com/mail/e/softbank_ne_jp/B65,⚪,dl_out/B65
http://mail.google.com/mail/e/softbank_ne_jp/B66,⚫,dl_out/B66
http://mail.google.com/mail/e/softbank_ne_jp/B67,🔳,dl_out/B67
http://mail.google.com/mail/e/softbank_ne_jp/B68,⭐,dl_out/B68
http://mail.google.com/mail/e/softbank_ne_jp/B69,🌟,dl_out/B69
http://mail.google.com/mail/e/softbank_ne_jp/B6A,🌠,dl_out/B6A
http://mail.google.com/mail/e/softbank_ne_jp/B6B,⬜,dl_out/B6B
http://mail.google.com/mail/e/softbank_ne_jp/B6C,⬛,dl_out/B6C
http://mail.google.com/mail/e/softbank_ne_jp/B6D,▫,dl_out/B6D
http://mail.google.com/mail/e/softbank_ne_jp/B6E,▪,dl_out/B6E
http://mail.google.com/mail/e/softbank_ne_jp/B6F,◽,dl_out/B6F
http://mail.google.com/mail/e/softbank_ne_jp/B70,◾,dl_out/B70
http://mail.google.com/mail/e/softbank_ne_jp/B71,◻,dl_out/B71
http://mail.google.com/mail/e/softbank_ne_jp/B72,◼,dl_out/B72
http://mail.google.com/mail/e/softbank_ne_jp/B73,🔶,dl_out/B73
http://mail.google.com/mail/e/softbank_ne_jp/B74,🔷,dl_out/B74
http://mail.google.com/mail/e/softbank_ne_jp/B75,🔸,dl_out/B75
http://mail.google.com/mail/e/softbank_ne_jp/B76,🔹,dl_out/B76
http://mail.google.com/mail/e/softbank_ne_jp/B77,❇,dl_out/B77
http://mail.google.com/mail/e/softbank_ne_jp/B78,🔺,dl_out/B78
http://mail.google.com/mail/e/softbank_ne_jp/B79,🔻,dl_out/B79
http://mail.google.com/mail/e/softbank_ne_jp/B7A,💮,dl_out/B7A
http://mail.google.com/mail/e/softbank_ne_jp/B7B,💯,dl_out/B7B
http://mail.google.com/mail/e/softbank_ne_jp/B7C,🔠,dl_out/B7C
http://mail.google.com/mail/e/softbank_ne_jp/B7D,🔡,dl_out/B7D
http://mail.google.com/mail/e/softbank_ne_jp/B7E,🔢,dl_out/B7E
http://mail.google.com/mail/e/softbank_ne_jp/B7F,🔣,dl_out/B7F
http://mail.google.com/mail/e/softbank_ne_jp/B80,🔤,dl_out/B80
http://mail.google.com/mail/e/softbank_ne_jp/B81,🆔,dl_out/B81
http://mail.google.com/mail/e/softbank_ne_jp/B82,🔑,dl_out/B82
http://mail.google.com/mail/e/softbank_ne_jp/B83,↩,dl_out/B83
http://mail.google.com/mail/e/softbank_ne_jp/B84,🆑,dl_out/B84
http://mail.google.com/mail/e/softbank_ne_jp/B85,🔍,dl_out/B85
http://mail.google.com/mail/e/softbank_ne_jp/B86,🔒,dl_out/B86
http://mail.google.com/mail/e/softbank_ne_jp/B87,🔓,dl_out/B87
http://mail.google.com/mail/e/softbank_ne_jp/B88,↪,dl_out/B88
http://mail.google.com/mail/e/softbank_ne_jp/B8A,🔐,dl_out/B8A
http://mail.google.com/mail/e/softbank_ne_jp/B8B,☑,dl_out/B8B
http://mail.google.com/mail/e/softbank_ne_jp/B8C,🔘,dl_out/B8C
http://mail.google.com/mail/e/softbank_ne_jp/B8D,🔎,dl_out/B8D
http://mail.google.com/mail/e/softbank_ne_jp/B8E,🔙,dl_out/B8E
http://mail.google.com/mail/e/softbank_ne_jp/B8F,🔖,dl_out/B8F
http://mail.google.com/mail/e/softbank_ne_jp/B90,🔏,dl_out/B90
http://mail.google.com/mail/e/softbank_ne_jp/B91,🔃,dl_out/B91
http://mail.google.com/mail/e/softbank_ne_jp/B92,📧,dl_out/B92
http://mail.google.com/mail/e/softbank_ne_jp/B93,✊,dl_out/B93
http://mail.google.com/mail/e/softbank_ne_jp/B94,✌,dl_out/B94
http://mail.google.com/mail/e/softbank_ne_jp/B95,✋,dl_out/B95
http://mail.google.com/mail/e/softbank_ne_jp/B96,👊,dl_out/B96
http://mail.google.com/mail/e/softbank_ne_jp/B97,👍,dl_out/B97
http://mail.google.com/mail/e/softbank_ne_jp/B98,☝,dl_out/B98
http://mail.google.com/mail/e/softbank_ne_jp/B99,👆,dl_out/B99
http://mail.google.com/mail/e/softbank_ne_jp/B9A,👇,dl_out/B9A
http://mail.google.com/mail/e/softbank_ne_jp/B9B,👈,dl_out/B9B
http://mail.google.com/mail/e/softbank_ne_jp/B9C,👉,dl_out/B9C
http://mail.google.com/mail/e/softbank_ne_jp/B9D,👋,dl_out/B9D
http://mail.google.com/mail/e/softbank_ne_jp/B9E,👏,dl_out/B9E
http://mail.google.com/mail/e/softbank_ne_jp/B9F,👌,dl_out/B9F
http://mail.google.com/mail/e/softbank_ne_jp/BA0,👎,dl_out/BA0
http://mail.google.com/mail/e/softbank_ne_jp/BA1,👐,dl_out/BA1
